https://feeds.feedburner.com/techcrunch,
http://feeds.feedburner.com/elise/simplyrecipesÂ ,
https://feeds.feedburner.com/boingboing/ibag,
https://feeds.feedburner.com/Mashable,
https://feeds.feedburner.com/readwriteweb,
https://feeds.feedburner.com/JohnBattellesSearchblog,
https://feeds.feedburner.com/43Folders,
https://feeds.feedburner.com/37signals/beMH,
https://feeds.feedburner.com/DumbLittleMan,
https://feeds.feedburner.com/InterestingThingOfTheDay,
https://feeds.feedburner.com/crunchgear,
,
,
